,UniProt_ID,PDB_ID,Heteroatom_Code,SMILES,Chemical_Name,Formula,Status,Chains,Residue_Numbers,Atom_Count
0,P21554,1LVQ,NO_HETEROATOMS,,,,no_heteroatoms,,,0
1,P21554,1LVR,NO_HETEROATOMS,,,,no_heteroatoms,,,0
2,P21554,2B0Y,NO_HETEROATOMS,,,,no_heteroatoms,,,0
3,P21554,2KOE,NO_HETEROATOMS,,,,no_heteroatoms,,,0
4,P21554,2MZ2,SEP,C(C(C(=O)O)N)OP(=O)(O)O,PHOSPHOSERINE,C3 H8 N O6 P,success,A,2,14
5,P21554,2MZ3,SEP,C(C(C(=O)O)N)OP(=O)(O)O,PHOSPHOSERINE,C3 H8 N O6 P,success,A,15,14
6,P21554,2MZA,SEP,C(C(C(=O)O)N)OP(=O)(O)O,PHOSPHOSERINE,C3 H8 N O6 P,success,A,11,14
7,P21554,5TGZ,FMN,Cc1cc2c(cc1C)N(C3=NC(=O)NC(=O)C3=N2)CC(C(C(COP(=O)(O)O)O)O)O,FLAVIN MONONUCLEOTIDE,C17 H21 N4 O9 P,success,A,2002,31
8,P21554,5TGZ,HOH,O,WATER,H2 O,success,A,"2101, 2102, 2103, 2104, 2105, 2106, 2107, 2108, 2109",1
9,P21554,5TGZ,OLA,CCCCCCCCC=CCCCCCCCC(=O)O,OLEIC ACID,C18 H34 O2,success,A,"2004, 2005, 2006",20
10,P21554,5TGZ,OLC,CCCCCCCCC=CCCCCCCCC(=O)OCC(CO)O,"(2R)-2,3-dihydroxypropyl (9Z)-octadec-9-enoate",C21 H40 O4,success,A,2003,19
11,P21554,5TGZ,PEG,C(COCCO)O,DI(HYDROXYETHYL)ETHER,C4 H10 O3,success,A,2007,7
12,P21554,5TGZ,ZDG,Cc1c(n(nc1C(=O)NN2CCCCC2)c3ccc(cc3Cl)Cl)c4ccc(cc4)C#CCCO[N+](=O)[O-],"4-[4-[2-(2,4-dichlorophenyl)-4-methyl-5-(piperidin-1-ylcarbamoyl)pyrazol-3-yl]phenyl]but-3-ynyl nitrate",C26 H25 Cl2 N5 O4,success,A,2001,33
13,P21554,5U09,7DY,CC(C(Cc1ccc(cc1)Cl)c2cccc(c2)C#N)NC(=O)C(C)(C)Oc3ccc(cn3)C(F)(F)F,"N-[(2S,3S)-4-(4-chlorophenyl)-3-(3-cyanophenyl)butan-2-yl]-2-methyl-2-{[5-(trifluoromethyl)pyridin-2-yl]oxy}propanamide",C27 H25 Cl F3 N3 O2,success,A,1210,36
14,P21554,5U09,HOH,O,WATER,H2 O,success,A,"1301, 1302, 1303, 1304, 1305, 1306, 1307, 1308, 1309, 1310, 1311, 1312, 1313, 1314, 1315, 1316, 1317, 1318, 1319, 1320, 1321, 1322, 1323, 1324, 1325, 1326, 1327, 1328, 1329, 1330, 1331, 1332, 1333, 1334, 1335, 1336, 1337, 1338, 1339, 1340, 1341, 1342, 1343, 1344, 1345, 1346, 1347, 1348, 1349, 1350, 1351, 1352, 1353, 1354, 1355, 1356, 1357, 1358, 1359, 1360, 1361, 1362",1
15,P21554,5U09,PEG,C(COCCO)O,DI(HYDROXYETHYL)ETHER,C4 H10 O3,success,A,"1201, 1202, 1203, 1204, 1205, 1206, 1212, 1213, 1214",7
16,P21554,5U09,SO4,[O-]S(=O)(=O)[O-],SULFATE ION,O4 S,success,A,"1207, 1208, 1209, 1211",5
17,P21554,5XR8,8D0,CC1(C2CCC(CC2c3c(cc(cc3O1)C(C)(C)CCCCCCN=C=S)O)CO)C,"(6~{a}~{R},9~{R},10~{a}~{R})-9-(hydroxymethyl)-3-(8-isothiocyanato-2-methyl-octan-2-yl)-6,6-dimethyl-6~{a},7,8,9,10,10~{a}-hexahydrobenzo[c]chromen-1-ol",C26 H39 N O3 S,success,A,1202,29
18,P21554,5XR8,CLR,CC(C)CCCC(C)C1CCC2C1(CCC3C2CC=C4C3(CCC(C4)O)C)C,CHOLESTEROL,C27 H46 O,success,A,1203,28
19,P21554,5XR8,FMN,Cc1cc2c(cc1C)N(C3=NC(=O)NC(=O)C3=N2)CC(C(C(COP(=O)(O)O)O)O)O,FLAVIN MONONUCLEOTIDE,C17 H21 N4 O9 P,success,A,1201,31
20,P21554,5XR8,HOH,O,WATER,H2 O,success,A,1301,1
21,P21554,5XR8,PEG,C(COCCO)O,DI(HYDROXYETHYL)ETHER,C4 H10 O3,success,A,1204,7
22,P21554,5XRA,8D3,CC1=CCC2C(C1)c3c(cc(cc3OC2(C)C)C(C)(C)CCCCCCBr)O,"(6aR,10aR)-3-(8-bromanyl-2-methyl-octan-2-yl)-6,6,9-trimethyl-6a,7,10,10a-tetrahydrobenzo[c]chromen-1-ol",C25 H37 Br O2,success,A,602,28
23,P21554,5XRA,CLR,CC(C)CCCC(C)C1CCC2C1(CCC3C2CC=C4C3(CCC(C4)O)C)C,CHOLESTEROL,C27 H46 O,success,A,608,28
24,P21554,5XRA,FMN,Cc1cc2c(cc1C)N(C3=NC(=O)NC(=O)C3=N2)CC(C(C(COP(=O)(O)O)O)O)O,FLAVIN MONONUCLEOTIDE,C17 H21 N4 O9 P,success,A,601,31
25,P21554,5XRA,OLA,CCCCCCCCC=CCCCCCCCC(=O)O,OLEIC ACID,C18 H34 O2,success,A,"603, 604",13
26,P21554,5XRA,OLC,CCCCCCCCC=CCCCCCCCC(=O)OCC(CO)O,"(2R)-2,3-dihydroxypropyl (9Z)-octadec-9-enoate",C21 H40 O4,success,A,"605, 606",17
27,P21554,5XRA,PEG,C(COCCO)O,DI(HYDROXYETHYL)ETHER,C4 H10 O3,success,A,607,7
28,P21554,6KPG,8D0,CC1(C2CCC(CC2c3c(cc(cc3O1)C(C)(C)CCCCCCN=C=S)O)CO)C,"(6~{a}~{R},9~{R},10~{a}~{R})-9-(hydroxymethyl)-3-(8-isothiocyanato-2-methyl-octan-2-yl)-6,6-dimethyl-6~{a},7,8,9,10,10~{a}-hexahydrobenzo[c]chromen-1-ol",C26 H39 N O3 S,success,R,501,31
29,P21554,6KQI,9GF,CCCCCCC(C)(C)c1ccc(c(c1)O)C2CC(CCC2CCCO)O,"2-[(1R,2R,5R)-5-hydroxy-2-(3-hydroxypropyl)cyclohexyl]-5-(2-methyloctan-2-yl)phenol",C24 H40 O3,success,A,1201,27
30,P21554,6KQI,9GL,CCc1c2cc(ccc2[nH]c1C(=O)NCCc3ccc(cc3)N4CCCCC4)Cl,5-chloro-3-ethyl-N-{2-[4-(piperidin-1-yl)phenyl]ethyl}-1H-indole-2-carboxamide,C24 H28 Cl N3 O,success,A,1202,29
31,P21554,6KQI,OLA,CCCCCCCCC=CCCCCCCCC(=O)O,OLEIC ACID,C18 H34 O2,success,A,"1203, 1204, 1205, 1206",14
32,P21554,6KQI,OLC,CCCCCCCCC=CCCCCCCCC(=O)OCC(CO)O,"(2R)-2,3-dihydroxypropyl (9Z)-octadec-9-enoate",C21 H40 O4,success,A,"1207, 1208",14
33,P21554,6KQI,PEG,C(COCCO)O,DI(HYDROXYETHYL)ETHER,C4 H10 O3,success,A,"1209, 1210",7
34,P21554,6N4B,CLR,CC(C)CCCC(C)C1CCC2C1(CCC3C2CC=C4C3(CCC(C4)O)C)C,CHOLESTEROL,C27 H46 O,success,R,"502, 503",28
35,P21554,6N4B,KCA,CC(C)(C)C(C(=O)OC)NC(=O)c1c2ccccc2n(n1)Cc3ccc(cc3)F,methyl N-{1-[(4-fluorophenyl)methyl]-1H-indazole-3-carbonyl}-3-methyl-L-valinate,C22 H24 F N3 O3,success,R,501,29
36,P21554,7FEE,7IC,Cc1ccc2c(c1)[nH]c(c2C(C[N+](=O)[O-])c3cccs3)c4ccccc4,6-methyl-3-[(1S)-2-nitro-1-thiophen-2-yl-ethyl]-2-phenyl-1H-indole,C21 H18 N2 O2 S,success,A,1204,26
37,P21554,7FEE,9GF,CCCCCCC(C)(C)c1ccc(c(c1)O)C2CC(CCC2CCCO)O,"2-[(1R,2R,5R)-5-hydroxy-2-(3-hydroxypropyl)cyclohexyl]-5-(2-methyloctan-2-yl)phenol",C24 H40 O3,success,A,1203,27
38,P21554,7FEE,CLR,CC(C)CCCC(C)C1CCC2C1(CCC3C2CC=C4C3(CCC(C4)O)C)C,CHOLESTEROL,C27 H46 O,success,A,"1201, 1202",28
39,P21554,7FEE,GOL,C(C(CO)O)O,GLYCEROL,C3 H8 O3,success,A,"1207, 1208, 1209, 1210",6
40,P21554,7FEE,HOH,O,WATER,H2 O,success,A,"1301, 1302, 1303, 1304, 1305, 1306, 1307, 1308, 1309, 1310, 1311, 1312, 1313, 1314, 1315, 1316, 1317, 1318",1
41,P21554,7FEE,OLA,CCCCCCCCC=CCCCCCCCC(=O)O,OLEIC ACID,C18 H34 O2,success,A,"1213, 1214, 1215, 1216",8
42,P21554,7FEE,OLC,CCCCCCCCC=CCCCCCCCC(=O)OCC(CO)O,"(2R)-2,3-dihydroxypropyl (9Z)-octadec-9-enoate",C21 H40 O4,success,A,"1211, 1212",25
43,P21554,7FEE,PEG,C(COCCO)O,DI(HYDROXYETHYL)ETHER,C4 H10 O3,success,A,"1205, 1206",7
44,P21554,7V3Z,9GF,CCCCCCC(C)(C)c1ccc(c(c1)O)C2CC(CCC2CCCO)O,"2-[(1R,2R,5R)-5-hydroxy-2-(3-hydroxypropyl)cyclohexyl]-5-(2-methyloctan-2-yl)phenol",C24 H40 O3,success,A,1201,27
45,P21554,7V3Z,CLR,CC(C)CCCC(C)C1CCC2C1(CCC3C2CC=C4C3(CCC(C4)O)C)C,CHOLESTEROL,C27 H46 O,success,A,1202,28
46,P21554,7V3Z,FMN,Cc1cc2c(cc1C)N(C3=NC(=O)NC(=O)C3=N2)CC(C(C(COP(=O)(O)O)O)O)O,FLAVIN MONONUCLEOTIDE,C17 H21 N4 O9 P,success,A,1203,31
47,P21554,7WV9,7IC,Cc1ccc2c(c1)[nH]c(c2C(C[N+](=O)[O-])c3cccs3)c4ccccc4,6-methyl-3-[(1S)-2-nitro-1-thiophen-2-yl-ethyl]-2-phenyl-1H-indole,C21 H18 N2 O2 S,success,R,502,26
48,P21554,7WV9,9GF,CCCCCCC(C)(C)c1ccc(c(c1)O)C2CC(CCC2CCCO)O,"2-[(1R,2R,5R)-5-hydroxy-2-(3-hydroxypropyl)cyclohexyl]-5-(2-methyloctan-2-yl)phenol",C24 H40 O3,success,R,501,27
49,P21554,8GAG,YVF,Cc1cc(nn1c2cccc(c2)C(F)(F)F)C(=O)NC(C)(c3cccs3)C(=O)OC,methyl (2R)-2-({(1M)-5-methyl-1-[3-(trifluoromethyl)phenyl]-1H-pyrazole-3-carbonyl}amino)-2-(thiophen-2-yl)propanoate,C20 H18 F3 N3 O3 S,success,R,501,30
50,P21554,8GHV,ZI5,CCCCCC=CC(C)C=CCC=CCC=CCCCC(=O)NC(C)CO,"(5Z,8Z,11Z,13S,14Z)-N-[(2R)-1-hydroxypropan-2-yl]-13-methylicosa-5,8,11,14-tetraenamide",C24 H41 N O2,success,D,501,68
51,P21554,8IKG,Q2B,c1ccc(cc1)c2c(c3ccccc3[nH]2)C(C[N+](=O)[O-])c4ccco4,3-[(1S)-1-(furan-2-yl)-2-nitro-ethyl]-2-phenyl-1H-indole,C20 H16 N2 O3,success,R,501,25
52,P21554,8IKH,Q2L,COc1ccccc1C(C[N+](=O)[O-])c2c3ccccc3[nH]c2c4ccccc4,3-[(1R)-1-(2-methoxyphenyl)-2-nitro-ethyl]-2-phenyl-1H-indole,C23 H20 N2 O3,success,R,501,28
53,P21554,8K8J,J3O,CC(C)OC(=O)C(C)(C)Oc1ccc(cc1)C(=O)c2ccc(cc2)Cl,Fenofibrate,C20 H21 Cl O4,success,R,501,25
54,P21554,8WRZ,8D0,CC1(C2CCC(CC2c3c(cc(cc3O1)C(C)(C)CCCCCCN=C=S)O)CO)C,"(6~{a}~{R},9~{R},10~{a}~{R})-9-(hydroxymethyl)-3-(8-isothiocyanato-2-methyl-octan-2-yl)-6,6-dimethyl-6~{a},7,8,9,10,10~{a}-hexahydrobenzo[c]chromen-1-ol",C26 H39 N O3 S,success,R,501,31
55,P21554,8WRZ,SEP,C(C(C(=O)O)N)OP(=O)(O)O,PHOSPHOSERINE,C3 H8 N O6 P,success,V,"362, 363, 364",10
56,P21554,8WRZ,TPO,CC(C(C(=O)O)N)OP(=O)(O)O,PHOSPHOTHREONINE,C4 H10 N O6 P,success,V,"359, 360",11
57,P21554,8WU1,KCA,CC(C)(C)C(C(=O)OC)NC(=O)c1c2ccccc2n(n1)Cc3ccc(cc3)F,methyl N-{1-[(4-fluorophenyl)methyl]-1H-indazole-3-carbonyl}-3-methyl-L-valinate,C22 H24 F N3 O3,success,R,501,29
58,P21554,8WU1,SEP,C(C(C(=O)O)N)OP(=O)(O)O,PHOSPHOSERINE,C3 H8 N O6 P,success,R,"429, 434, 435, 436",10
59,P21554,8WU1,TPO,CC(C(C(=O)O)N)OP(=O)(O)O,PHOSPHOTHREONINE,C4 H10 N O6 P,success,R,"431, 432",11
60,P21554,9B65,KCA,CC(C)(C)C(C(=O)OC)NC(=O)c1c2ccccc2n(n1)Cc3ccc(cc3)F,methyl N-{1-[(4-fluorophenyl)methyl]-1H-indazole-3-carbonyl}-3-methyl-L-valinate,C22 H24 F N3 O3,success,R,501,53
61,P21554,9B9Y,7DY,CC(C(Cc1ccc(cc1)Cl)c2cccc(c2)C#N)NC(=O)C(C)(C)Oc3ccc(cn3)C(F)(F)F,"N-[(2S,3S)-4-(4-chlorophenyl)-3-(3-cyanophenyl)butan-2-yl]-2-methyl-2-{[5-(trifluoromethyl)pyridin-2-yl]oxy}propanamide",C27 H25 Cl F3 N3 O2,success,R,1201,36
62,P21554,9DGI,YVF,Cc1cc(nn1c2cccc(c2)C(F)(F)F)C(=O)NC(C)(c3cccs3)C(=O)OC,methyl (2R)-2-({(1M)-5-methyl-1-[3-(trifluoromethyl)phenyl]-1H-pyrazole-3-carbonyl}amino)-2-(thiophen-2-yl)propanoate,C20 H18 F3 N3 O3 S,success,R,501,30
63,P21554,9EGO,YVF,Cc1cc(nn1c2cccc(c2)C(F)(F)F)C(=O)NC(C)(c3cccs3)C(=O)OC,methyl (2R)-2-({(1M)-5-methyl-1-[3-(trifluoromethyl)phenyl]-1H-pyrazole-3-carbonyl}amino)-2-(thiophen-2-yl)propanoate,C20 H18 F3 N3 O3 S,success,R,501,30
